<?xml version="1.0" encoding="UTF-8"?>
<!DOCTYPE hibernate-configuration PUBLIC
        "-//Hibernate/Hibernate Configuration DTD 3.0//EN"
        "http://www.hibernate.org/dtd/hibernate-configuration-3.0.dtd">

<hibernate-configuration>
    <session-factory>
        <!-- Database connection settings -->
        <property name="hibernate.connection.driver_class">com.mysql.cj.jdbc.Driver</property>
        <property name="hibernate.connection.url">jdbc:mysql://localhost:3306/skill3_db?useSSL=false&amp;serverTimezone=UTC</property>
        <property name="hibernate.connection.username">root</property>
        <property name="hibernate.connection.password">Vanitas@41</property>
        
        <!-- JDBC connection pool settings -->
        <property name="hibernate.connection.pool_size">10</property>
        
        <!-- SQL dialect -->
        <property name="hibernate.dialect">org.hibernate.dialect.MySQL8Dialect</property>
        
        <!-- Echo all executed SQL to stdout -->
        <property name="hibernate.show_sql">true</property>
        <property name="hibernate.format_sql">true</property>
        
        <!-- Drop and re-create the database schema on startup -->
        <property name="hibernate.hbm2ddl.auto">update</property>
        
        <!-- Disable the second-level cache -->
        <property name="hibernate.cache.use_second_level_cache">false</property>
        
        <!-- Mention annotated entity classes -->
        <mapping class="com.kluniversity.skill3.entity.Product"/>
    </session-factory>
</hibernate-configuration>
